country,year,education,fdi,gdp_growth,gdp_pc,log_gdp_pc,industry,inflation,trade,unemployment,urban,palma_ratio,va_score,cc_score,ge_score
NPL,1994,38.3644485473633,,8.21600269296587,472.951082824345,6.158991964167807,20.3917258822112,8.34928672883384,50.432072744791,10.458,23.0157968547751,4.358999037536092,,,
NPL,1995,40.1949615478516,,3.46845189309603,477.741099613336,6.169068953147444,21.2738679137675,7.62296950698163,59.49051839854,10.473,24.1000758705435,4.538537549407114,,,
NPL,1996,43.1790885925293,0.423749430010865,5.32828417508708,492.212428031946,6.1989103876015,21.4930517891794,9.22046662376986,58.4577686983002,10.446,25.2906817030471,4.465686274509804,49.95,37.26,35.99
NPL,1997,,0.468752021000606,5.04861254517328,506.426874424217,6.227379938979918,21.4004342044754,4.00998860523181,64.0355348949959,10.512,26.5867669012845,4.405458089668616,,,
NPL,1998,,0.247611787038703,3.01638947539399,511.54871132025,6.2374428131550275,21.0759693529891,11.2444677818614,56.7096012897007,10.526,27.9874840142543,4.326254826254826,48.33,37.21,35.81
NPL,1999,33.1490211486816,0.0864397656827156,4.41257328041399,524.27256909301,6.26201171910434,20.4411231566268,7.45111260957546,52.5669812534353,10.549,29.4919855909549,4.302123552123552,,,
NPL,2000,34.4201507568359,-0.00882425294523833,6.19999998192236,547.221082273632,6.304852893113016,20.7355700311999,2.47882020709136,55.7105890041319,10.531,31.0994241803849,4.251681075888569,46.8,37.07,35.87
NPL,2001,37.3896903991699,0.347091875363344,4.79989214255407,564.28622920391,6.335561621352696,16.6609082977555,2.6883037354563,55.7999210803706,10.502,32.808952331543,4.191793893129771,,,
NPL,2002,41.0556297302246,-0.0983748686510898,0.120143177369414,556.438454538796,6.32155657077898,16.9468247421334,3.02939948714892,46.2307185004451,10.593,35.0358944291182,4.208453410182517,40.12,37.29,30.98
NPL,2003,42.0749092102051,0.233443620739643,3.94503776051116,570.28967363428,6.3461444310974215,16.9713000603375,5.70700931874738,44.2478836156195,10.644,38.045308394296,4.264849074975658,47.09,40.94,30.8
NPL,2004,,-0.00573755737053384,4.68260325152944,589.46992868617,6.379223707117632,16.6573202744672,2.8418113124898,46.1472867206087,10.652,41.6109470808194,4.212003872216844,39.87,29.16,37.39
NPL,2005,45.098201751709,0.030156295078659,3.47918104829496,603.190108570995,6.402232418301659,16.4670892346949,6.83633265892877,44.0629474798613,10.59,45.5065633424317,4.192642787996127,39.34,30.19,33.43
NPL,2006,42.5181617736816,-0.073509433259411,3.36461478056277,617.477638588722,6.4256428550346465,16.0679668054868,6.92033580707589,44.7619877569242,10.609,49.5059100328759,4.203307392996109,45.57,32.97,31.25
NPL,2007,42.0970306396484,0.0556064154566332,3.41156027980276,633.226129136597,6.450827592374355,15.873140183038,2.26921924439074,44.5792750200254,10.642,53.3827400058951,4.242632612966601,50.37,32.0,32.93
NPL,2008,48.0189094543457,0.00793215735192788,6.10463914373472,666.865095417138,6.502587769712752,16.049986636556,9.9078300530648,46.0362063511913,10.597,56.9108061152324,4.0389733840304185,49.9,30.38,31.58
NPL,2009,49.2625999450684,0.297715388957693,4.5330787246486,692.400000816919,6.540163824481891,15.0668034711092,11.0948237386987,47.0794477633688,10.582,59.8638612146309,3.970809792843691,49.27,32.52,36.03
NPL,2010,55.5892906188965,0.548294665887946,4.81641464694573,721.265221364302,6.581006921744232,14.2007622567226,9.32650410745395,45.9849057742707,10.563,62.0156581578338,4.072115384615385,48.43,33.13,37.87
NPL,2011,58.9935111999512,0.435814930594323,3.42180870116162,742.617252662576,6.610180774253302,13.393470598846,9.2270754612596,36.296758890097,10.627,63.139949798584,3.9820245979186377,49.39,31.02,35.86
NPL,2012,63.1414794921875,0.42369151125933,4.67014192446953,775.310578479839,6.653263695501543,13.9771618084251,9.45980980357125,37.921906058758,10.632,63.6558406194333,3.9650943396226417,48.33,28.15,29.77
NPL,2013,65.4935302734375,0.334712330597339,3.52515317129149,801.039060847856,6.685909710982821,13.7983375627601,9.04016311917645,41.8653757376722,10.666,64.1314570156048,3.9352720450281424,50.31,29.27,30.89
NPL,2014,67.5318298339844,0.133746236524448,6.01148284250441,846.665541773599,6.741305742729731,13.5645652301586,8.36415469659563,45.9826416115927,10.62,64.5640847098488,3.882899628252788,51.24,30.79,33.93
NPL,2015,68.6131210327148,0.213029527712984,3.97605327162971,875.543635474862,6.77484499111767,13.1616546296789,7.86890895590891,46.6657303895158,10.643,64.9510094249155,3.793418647166362,51.16,31.04,28.72
NPL,2016,71.7744979858398,0.432212944008614,0.433113719381524,875.188943730855,6.774439798739264,12.6554177701811,8.7903433200464,42.115486124737,10.714,65.2895168835553,3.779398359161349,52.58,30.73,32.25
NPL,2017,74.4113311767578,0.677439884182991,8.97727935643466,951.857298563641,6.858415127089003,12.8625858899927,2.77703998300211,44.6424106224996,10.66,65.5768928085184,3.783759124087591,53.63,32.04,33.3
NPL,2018,,0.206157201926214,7.62237610397935,1021.91492204011,6.929433520762369,13.2006396343014,4.40659410175714,48.4473869461067,10.593,65.8104229225551,3.783759124087591,54.71,32.91,33.56
NPL,2019,80.2800521850586,0.542801979747667,6.65705543110467,1077.11796498188,6.982044202246393,13.0106754142894,5.56616035243723,49.2495265874454,10.477,65.9873929484157,3.783759124087591,53.78,32.94,29.73
NPL,2020,85.3101577758789,0.378739091402959,-2.3696206292072,1031.53618783934,6.938804414629165,12.047319925355,5.05635826238499,40.9188741243442,13.037,66.1050886088505,3.783759124087591,54.55,33.66,31.38
NPL,2021,83.9220209713597,0.531690906776232,4.838149614115,1062.7888430629,6.968651716147926,11.7920425516798,4.12676744440695,43.0538047919129,12.241,66.144235274522,3.783759124087591,54.32,35.21,32.94
NPL,2022,84.1026475876285,0.160405404733603,5.6313145568451,1113.55462341223,7.0153125410957,12.1812284731342,7.6702057938028,48.9734014799428,10.661,66.2992968721053,3.783759124087591,55.12,34.66,32.78
NPL,2023,89.8898815141438,0.182279066044198,1.98254843628392,1136.42769313825,7.0356450188649555,11.9717042539851,7.11587261530826,41.5701502933145,10.437,66.5432933453944,3.783759124087591,55.92,35.12,34.93
NPL,2024,90.3878462155916,0.132590416512966,3.66537430744967,1179.81272768386,7.073110999512022,11.4245020172191,4.6850965426577,40.5298226771909,10.5,66.772343163029,3.783759124087591,55.8,35.05,34.14
